<?xml version="1.0" encoding="UTF-8"?>
<project-private xmlns="http://www.netbeans.org/ns/project-private/1">
    <editor-bookmarks xmlns="http://www.netbeans.org/ns/editor-bookmarks/2" lastBookmarkId="0"/>
    <open-files xmlns="http://www.netbeans.org/ns/projectui-open-files/2">
        <group>
            <file>file:/C:/Users/Vimlesh%20gupta/Documents/NetBeansProjects/Bank%20simulater/src/bank/simulater/Login.java</file>
            <file>file:/C:/Users/Vimlesh%20gupta/Documents/NetBeansProjects/Bank%20simulater/src/icons/banks.jpg</file>
            <file>file:/C:/Users/Vimlesh%20gupta/Documents/NetBeansProjects/Bank%20simulater/src/icons/bank%20logo.jpg</file>
            <file>file:/C:/Users/Vimlesh%20gupta/Documents/NetBeansProjects/Bank%20simulater/src/icons/ATM-Machine.jpg</file>
            <file>file:/C:/Users/Vimlesh%20gupta/Documents/NetBeansProjects/Bank%20simulater/src/bank/simulater/Signup3.java</file>
            <file>file:/C:/Users/Vimlesh%20gupta/Documents/NetBeansProjects/Bank%20simulater/src/bank/simulater/Signup2.java</file>
            <file>file:/C:/Users/Vimlesh%20gupta/Documents/NetBeansProjects/Bank%20simulater/src/bank/simulater/Transactions.java</file>
            <file>file:/C:/Users/Vimlesh%20gupta/Documents/NetBeansProjects/Bank%20simulater/src/bank/simulater/Signup.java</file>
            <file>file:/C:/Users/Vimlesh%20gupta/Documents/NetBeansProjects/Bank%20simulater/src/bank/simulater/BalanceEnquiry.java</file>
            <file>file:/C:/Users/Vimlesh%20gupta/Documents/NetBeansProjects/Bank%20simulater/src/bank/simulater/Pin.java</file>
            <file>file:/C:/Users/Vimlesh%20gupta/Documents/NetBeansProjects/Bank%20simulater/src/icons/bank2.jpg</file>
            <file>file:/C:/Users/Vimlesh%20gupta/Documents/NetBeansProjects/Bank%20simulater/src/bank/simulater/Conn.java</file>
            <file>file:/C:/Users/Vimlesh%20gupta/Documents/NetBeansProjects/Bank%20simulater/src/bank/simulater/Withdrawl.java</file>
            <file>file:/C:/Users/Vimlesh%20gupta/Documents/NetBeansProjects/Bank%20simulater/src/bank/simulater/MiniStatement.java</file>
            <file>file:/C:/Users/Vimlesh%20gupta/Documents/NetBeansProjects/Bank%20simulater/src/icons/bank1.jpg</file>
            <file>file:/C:/Users/Vimlesh%20gupta/Documents/NetBeansProjects/Bank%20simulater/src/bank/simulater/Deposit.java</file>
            <file>file:/C:/Users/Vimlesh%20gupta/Documents/NetBeansProjects/Bank%20simulater/src/bank/simulater/FastCash.java</file>
        </group>
    </open-files>
</project-private>
